,indID,popID,country,lonInd,latInd,hapInd,Acc
1,ind_1,pop1,1_Asia,141.645,45.449,HTJP002,1273014172
2,ind_2,pop1,1_Asia,141.645,45.449,HTJP002,1273014172
3,ind_3,pop1,1_Asia,141.645,45.449,HTJP002,1273014172
4,ind_4,pop1,1_Asia,141.645,45.449,HTJP002,1273014172
5,ind_5,pop1,1_Asia,141.645,45.449,HTJP002,1273014172
6,ind_6,pop1,1_Asia,141.645,45.449,HTJP002,1273014172
7,ind_7,pop1,1_Asia,141.645,45.449,HTJP002,1273014172
8,ind_8,pop1,1_Asia,141.645,45.449,HTJP002,1273014172
9,ind_9,pop1,1_Asia,141.645,45.449,HTJP002,1273014172
10,ind_10,pop1,1_Asia,141.645,45.449,HTJP002,1273014172
11,ind_11,pop1,1_Asia,141.645,45.449,HTJP002,1273014172
12,ind_12,pop1,1_Asia,141.645,45.449,HTJP002,1273014172
13,ind_13,pop1,1_Asia,141.645,45.449,HTJP002,1273014172
14,ind_14,pop1,1_Asia,141.645,45.449,HTJP002,1273014172
15,ind_15,pop1,1_Asia,141.645,45.449,HTJP014,1273480231
16,ind_16,pop2,1_Asia,144.394,43.935,HTJP002,1273014172
17,ind_17,pop2,1_Asia,144.394,43.935,HTJP002,1273014172
18,ind_18,pop2,1_Asia,144.394,43.935,HTJP002,1273014172
19,ind_19,pop2,1_Asia,144.394,43.935,HTJP002,1273014172
20,ind_20,pop2,1_Asia,144.394,43.935,HTJP002,1273014172
21,ind_21,pop2,1_Asia,144.394,43.935,HTJP002,1273014172
22,ind_22,pop2,1_Asia,144.394,43.935,HTJP002,1273014172
23,ind_23,pop2,1_Asia,144.394,43.935,HTJP002,1273014172
24,ind_24,pop2,1_Asia,144.394,43.935,HTJP002,1273014172
25,ind_25,pop2,1_Asia,144.394,43.935,HTJP002,1273014172
26,ind_26,pop2,1_Asia,144.394,43.935,HTJP002,1273014172
27,ind_27,pop2,1_Asia,144.394,43.935,HTJP002,1273014172
28,ind_28,pop2,1_Asia,144.394,43.935,HTJP002,1273014172
29,ind_29,pop2,1_Asia,144.394,43.935,HTJP002,1273014172
30,ind_30,pop2,1_Asia,144.394,43.935,HTJP002,1273014172
31,ind_31,pop2,1_Asia,144.394,43.935,HTJP002,1273014172
32,ind_32,pop3,1_Asia,140.775,43.205,HTJP002,1273014172
33,ind_33,pop3,1_Asia,140.775,43.205,HTJP002,1273014172
34,ind_34,pop3,1_Asia,140.775,43.205,HTJP002,1273014172
35,ind_35,pop3,1_Asia,140.775,43.205,HTJP002,1273014172
36,ind_36,pop3,1_Asia,140.775,43.205,HTJP002,1273014172
37,ind_37,pop3,1_Asia,140.775,43.205,HTJP002,1273014172
38,ind_38,pop3,1_Asia,140.775,43.205,HTJP002,1273014172
39,ind_39,pop3,1_Asia,140.775,43.205,HTJP002,1273014172
40,ind_40,pop3,1_Asia,140.775,43.205,HTJP002,1273014172
41,ind_41,pop3,1_Asia,140.775,43.205,HTJP002,1273014172
42,ind_42,pop4,1_Asia,144.896,43.053,HTJP002,1273014172
43,ind_43,pop4,1_Asia,144.896,43.053,HTJP002,1273014172
44,ind_44,pop4,1_Asia,144.896,43.053,HTJP002,1273014172
45,ind_45,pop4,1_Asia,144.896,43.053,HTJP002,1273014172
46,ind_46,pop4,1_Asia,144.896,43.053,HTJP002,1273014172
47,ind_47,pop4,1_Asia,144.896,43.053,HTJP002,1273014172
48,ind_48,pop4,1_Asia,144.896,43.053,HTJP002,1273014172
49,ind_49,pop4,1_Asia,144.896,43.053,HTJP002,1273014172
50,ind_50,pop4,1_Asia,144.896,43.053,HTJP002,1273014172
51,ind_51,pop4,1_Asia,144.896,43.053,HTJP009,1273480227
52,ind_52,pop5,1_Asia,140.601,41.742,HTJP001,1273014171
53,ind_53,pop5,1_Asia,140.601,41.742,HTJP002,1273014172
54,ind_54,pop5,1_Asia,140.601,41.742,HTJP002,1273014172
55,ind_55,pop5,1_Asia,140.601,41.742,HTJP002,1273014172
56,ind_56,pop5,1_Asia,140.601,41.742,HTJP002,1273014172
57,ind_57,pop5,1_Asia,140.601,41.742,HTJP002,1273014172
58,ind_58,pop5,1_Asia,140.601,41.742,HTJP002,1273014172
59,ind_59,pop5,1_Asia,140.601,41.742,HTJP002,1273014172
60,ind_60,pop5,1_Asia,140.601,41.742,HTJP005,1273014173
61,ind_61,pop5,1_Asia,140.601,41.742,HTJP005,1273014173
62,ind_62,pop6,1_Asia,141.948,39.588,HTJP001,1273014171
63,ind_63,pop6,1_Asia,141.948,39.588,HTJP002,1273014172
64,ind_64,pop6,1_Asia,141.948,39.588,HTJP002,1273014172
65,ind_65,pop6,1_Asia,141.948,39.588,HTJP002,1273014172
66,ind_66,pop6,1_Asia,141.948,39.588,HTJP002,1273014172
67,ind_67,pop6,1_Asia,141.948,39.588,HTJP002,1273014172
68,ind_68,pop6,1_Asia,141.948,39.588,HTJP005,1273014173
69,ind_69,pop6,1_Asia,141.948,39.588,HTJP005,1273014173
70,ind_70,pop6,1_Asia,141.948,39.588,HTJP005,1273014173
71,ind_71,pop6,1_Asia,141.948,39.588,HTJP005,1273014173
72,ind_72,pop6,1_Asia,141.948,39.588,HTJP006,1273480224
73,ind_73,pop6,1_Asia,141.948,39.588,HTJP022,1273480692
74,ind_74,pop6,1_Asia,141.948,39.588,HTJP023,1273480693
75,ind_75,pop7,1_Asia,141.68,38.996,HTJP001,1273014171
76,ind_76,pop7,1_Asia,141.68,38.996,HTJP001,1273014171
77,ind_77,pop7,1_Asia,141.68,38.996,HTJP001,1273014171
78,ind_78,pop7,1_Asia,141.68,38.996,HTJP001,1273014171
79,ind_79,pop7,1_Asia,141.68,38.996,HTJP001,1273014171
80,ind_80,pop7,1_Asia,141.68,38.996,HTJP001,1273014171
81,ind_81,pop7,1_Asia,141.68,38.996,HTJP002,1273014172
82,ind_82,pop7,1_Asia,141.68,38.996,HTJP007,1273480225
83,ind_83,pop8,1_Asia,141.459,38.646,HTJP001,1273014171
84,ind_84,pop8,1_Asia,141.459,38.646,HTJP002,1273014172
85,ind_85,pop8,1_Asia,141.459,38.646,HTJP002,1273014172
86,ind_86,pop8,1_Asia,141.459,38.646,HTJP002,1273014172
87,ind_87,pop8,1_Asia,141.459,38.646,HTJP002,1273014172
88,ind_88,pop8,1_Asia,141.459,38.646,HTJP005,1273014173
89,ind_89,pop8,1_Asia,141.459,38.646,HTJP005,1273014173
90,ind_90,pop9,1_Asia,141.055,38.351,HTJP001,1273014171
91,ind_91,pop9,1_Asia,141.055,38.351,HTJP001,1273014171
92,ind_92,pop9,1_Asia,141.055,38.351,HTJP001,1273014171
93,ind_93,pop9,1_Asia,141.055,38.351,HTJP001,1273014171
94,ind_94,pop9,1_Asia,141.055,38.351,HTJP001,1273014171
95,ind_95,pop9,1_Asia,141.055,38.351,HTJP001,1273014171
96,ind_96,pop9,1_Asia,141.055,38.351,HTJP001,1273014171
97,ind_97,pop9,1_Asia,141.055,38.351,HTJP001,1273014171
98,ind_98,pop9,1_Asia,141.055,38.351,HTJP001,1273014171
99,ind_99,pop9,1_Asia,141.055,38.351,HTJP001,1273014171
100,ind_100,pop9,1_Asia,141.055,38.351,HTJP001,1273014171
101,ind_101,pop9,1_Asia,141.055,38.351,HTJP001,1273014171
102,ind_102,pop9,1_Asia,141.055,38.351,HTJP001,1273014171
103,ind_103,pop9,1_Asia,141.055,38.351,HTJP001,1273014171
104,ind_104,pop9,1_Asia,141.055,38.351,HTJP001,1273014171
105,ind_105,pop9,1_Asia,141.055,38.351,HTJP001,1273014171
106,ind_106,pop10,1_Asia,141.063,38.355,HTJP001,1273014171
107,ind_107,pop10,1_Asia,141.063,38.355,HTJP001,1273014171
108,ind_108,pop10,1_Asia,141.063,38.355,HTJP001,1273014171
109,ind_109,pop10,1_Asia,141.063,38.355,HTJP001,1273014171
110,ind_110,pop10,1_Asia,141.063,38.355,HTJP001,1273014171
111,ind_111,pop10,1_Asia,141.063,38.355,HTJP001,1273014171
112,ind_112,pop10,1_Asia,141.063,38.355,HTJP001,1273014171
113,ind_113,pop10,1_Asia,141.063,38.355,HTJP001,1273014171
114,ind_114,pop10,1_Asia,141.063,38.355,HTJP001,1273014171
115,ind_115,pop10,1_Asia,141.063,38.355,HTJP002,1273014172
116,ind_116,pop10,1_Asia,141.063,38.355,HTJP002,1273014172
117,ind_117,pop10,1_Asia,141.063,38.355,HTJP002,1273014172
118,ind_118,pop10,1_Asia,141.063,38.355,HTJP002,1273014172
119,ind_119,pop10,1_Asia,141.063,38.355,HTJP002,1273014172
120,ind_120,pop10,1_Asia,141.063,38.355,HTJP002,1273014172
121,ind_121,pop10,1_Asia,141.063,38.355,HTJP031,1273480699
122,ind_122,pop11,1_Asia,141.42,38.434,HTJP001,1273014171
123,ind_123,pop11,1_Asia,141.42,38.434,HTJP001,1273014171
124,ind_124,pop11,1_Asia,141.42,38.434,HTJP001,1273014171
125,ind_125,pop11,1_Asia,141.42,38.434,HTJP001,1273014171
126,ind_126,pop11,1_Asia,141.42,38.434,HTJP001,1273014171
127,ind_127,pop11,1_Asia,141.42,38.434,HTJP001,1273014171
128,ind_128,pop11,1_Asia,141.42,38.434,HTJP001,1273014171
129,ind_129,pop11,1_Asia,141.42,38.434,HTJP001,1273014171
130,ind_130,pop11,1_Asia,141.42,38.434,HTJP001,1273014171
131,ind_131,pop11,1_Asia,141.42,38.434,HTJP001,1273014171
132,ind_132,pop11,1_Asia,141.42,38.434,HTJP001,1273014171
133,ind_133,pop11,1_Asia,141.42,38.434,HTJP001,1273014171
134,ind_134,pop11,1_Asia,141.42,38.434,HTJP001,1273014171
135,ind_135,pop11,1_Asia,141.42,38.434,HTJP001,1273014171
136,ind_136,pop11,1_Asia,141.42,38.434,HTJP001,1273014171
137,ind_137,pop11,1_Asia,141.42,38.434,HTJP001,1273014171
138,ind_138,pop11,1_Asia,141.42,38.434,HTJP001,1273014171
139,ind_139,pop11,1_Asia,141.42,38.434,HTJP001,1273014171
140,ind_140,pop11,1_Asia,141.42,38.434,HTJP001,1273014171
141,ind_141,pop11,1_Asia,141.42,38.434,HTJP001,1273014171
142,ind_142,pop11,1_Asia,141.42,38.434,HTJP002,1273014172
143,ind_143,pop11,1_Asia,141.42,38.434,HTJP002,1273014172
144,ind_144,pop11,1_Asia,141.42,38.434,HTJP003,1273480222
145,ind_145,pop11,1_Asia,141.42,38.434,HTJP003,1273480222
146,ind_146,pop12,1_Asia,140.915,38.031,HTJP001,1273014171
147,ind_147,pop12,1_Asia,140.915,38.031,HTJP001,1273014171
148,ind_148,pop12,1_Asia,140.915,38.031,HTJP001,1273014171
149,ind_149,pop12,1_Asia,140.915,38.031,HTJP001,1273014171
150,ind_150,pop12,1_Asia,140.915,38.031,HTJP001,1273014171
151,ind_151,pop12,1_Asia,140.915,38.031,HTJP001,1273014171
152,ind_152,pop12,1_Asia,140.915,38.031,HTJP001,1273014171
153,ind_153,pop12,1_Asia,140.915,38.031,HTJP001,1273014171
154,ind_154,pop12,1_Asia,140.915,38.031,HTJP001,1273014171
155,ind_155,pop12,1_Asia,140.915,38.031,HTJP001,1273014171
156,ind_156,pop12,1_Asia,140.915,38.031,HTJP002,1273014172
157,ind_157,pop12,1_Asia,140.915,38.031,HTJP002,1273014172
158,ind_158,pop13,1_Asia,140.979,37.781,HTJP001,1273014171
159,ind_159,pop13,1_Asia,140.979,37.781,HTJP001,1273014171
160,ind_160,pop13,1_Asia,140.979,37.781,HTJP001,1273014171
161,ind_161,pop13,1_Asia,140.979,37.781,HTJP001,1273014171
162,ind_162,pop13,1_Asia,140.979,37.781,HTJP001,1273014171
163,ind_163,pop13,1_Asia,140.979,37.781,HTJP001,1273014171
164,ind_164,pop13,1_Asia,140.979,37.781,HTJP001,1273014171
165,ind_165,pop13,1_Asia,140.979,37.781,HTJP001,1273014171
166,ind_166,pop13,1_Asia,140.979,37.781,HTJP001,1273014171
167,ind_167,pop13,1_Asia,140.979,37.781,HTJP002,1273014172
168,ind_168,pop13,1_Asia,140.979,37.781,HTJP002,1273014172
169,ind_169,pop13,1_Asia,140.979,37.781,HTJP005,1273014173
170,ind_170,pop13,1_Asia,140.979,37.781,HTJP008,1273480226
171,ind_171,pop13,1_Asia,140.979,37.781,HTJP001,1273014171
172,ind_172,pop13,1_Asia,140.979,37.781,HTJP001,1273014171
173,ind_173,pop13,1_Asia,140.979,37.781,HTJP001,1273014171
174,ind_174,pop13,1_Asia,140.979,37.781,HTJP001,1273014171
175,ind_175,pop14,1_Asia,140.61,36.489,HTJP002,1273014172
176,ind_176,pop14,1_Asia,140.61,36.489,HTJP002,1273014172
177,ind_177,pop14,1_Asia,140.61,36.489,HTJP002,1273014172
178,ind_178,pop14,1_Asia,140.61,36.489,HTJP002,1273014172
179,ind_179,pop14,1_Asia,140.61,36.489,HTJP005,1273014173
180,ind_180,pop14,1_Asia,140.61,36.489,HTJP001,1273014171
181,ind_181,pop14,1_Asia,140.61,36.489,HTJP001,1273014171
182,ind_182,pop14,1_Asia,140.61,36.489,HTJP001,1273014171
183,ind_183,pop14,1_Asia,140.61,36.489,HTJP001,1273014171
184,ind_184,pop14,1_Asia,140.61,36.489,HTJP001,1273014171
185,ind_185,pop14,1_Asia,140.61,36.489,HTJP001,1273014171
186,ind_186,pop14,1_Asia,140.61,36.489,HTJP001,1273014171
187,ind_187,pop14,1_Asia,140.61,36.489,HTJP001,1273014171
188,ind_188,pop14,1_Asia,140.61,36.489,HTJP001,1273014171
189,ind_189,pop14,1_Asia,140.61,36.489,HTJP001,1273014171
190,ind_190,pop15,1_Asia,139.898,35.413,HTJP002,1273014172
191,ind_191,pop15,1_Asia,139.898,35.413,HTJP002,1273014172
192,ind_192,pop15,1_Asia,139.898,35.413,HTJP002,1273014172
193,ind_193,pop15,1_Asia,139.898,35.413,HTJP002,1273014172
194,ind_194,pop15,1_Asia,139.898,35.413,HTJP002,1273014172
195,ind_195,pop15,1_Asia,139.898,35.413,HTJP002,1273014172
196,ind_196,pop15,1_Asia,139.898,35.413,HTJP001,1273014171
197,ind_197,pop15,1_Asia,139.898,35.413,HTJP001,1273014171
198,ind_198,pop15,1_Asia,139.898,35.413,HTJP001,1273014171
199,ind_199,pop16,1_Asia,140.077,35.532,HTJP002,1273014172
200,ind_200,pop16,1_Asia,140.077,35.532,HTJP002,1273014172
201,ind_201,pop16,1_Asia,140.077,35.532,HTJP002,1273014172
202,ind_202,pop16,1_Asia,140.077,35.532,HTJP002,1273014172
203,ind_203,pop16,1_Asia,140.077,35.532,HTJP002,1273014172
204,ind_204,pop16,1_Asia,140.077,35.532,HTJP001,1273014171
205,ind_205,pop16,1_Asia,140.077,35.532,HTJP001,1273014171
206,ind_206,pop16,1_Asia,140.077,35.532,HTJP001,1273014171
207,ind_207,pop16,1_Asia,140.077,35.532,HTJP001,1273014171
208,ind_208,pop17,1_Asia,139.922,35.672,HTJP002,1273014172
209,ind_209,pop17,1_Asia,139.922,35.672,HTJP002,1273014172
210,ind_210,pop17,1_Asia,139.922,35.672,HTJP002,1273014172
211,ind_211,pop17,1_Asia,139.922,35.672,HTJP002,1273014172
212,ind_212,pop17,1_Asia,139.922,35.672,HTJP002,1273014172
213,ind_213,pop17,1_Asia,139.922,35.672,HTJP003,1273480222
214,ind_214,pop17,1_Asia,139.922,35.672,HTJP004,1273480223
215,ind_215,pop17,1_Asia,139.922,35.672,HTJP001,1273014171
216,ind_216,pop17,1_Asia,139.922,35.672,HTJP001,1273014171
217,ind_217,pop17,1_Asia,139.922,35.672,HTJP001,1273014171
218,ind_218,pop18,1_Asia,139.629,35.467,HTJP002,1273014172
219,ind_219,pop18,1_Asia,139.629,35.467,HTJP002,1273014172
220,ind_220,pop18,1_Asia,139.629,35.467,HTJP002,1273014172
221,ind_221,pop18,1_Asia,139.629,35.467,HTJP002,1273014172
222,ind_222,pop18,1_Asia,139.629,35.467,HTJP003,1273480222
223,ind_223,pop18,1_Asia,139.629,35.467,HTJP001,1273014171
224,ind_224,pop19,1_Asia,139.663,35.144,HTJP001,1273014171
225,ind_225,pop20,1_Asia,139.628,35.163,HTJP002,1273014172
226,ind_226,pop20,1_Asia,139.628,35.163,HTJP002,1273014172
227,ind_227,pop20,1_Asia,139.628,35.163,HTJP008,1273480226
228,ind_228,pop20,1_Asia,139.628,35.163,HTJP009,1273480227
229,ind_229,pop20,1_Asia,139.628,35.163,HTJP027,1273480221
230,ind_230,pop20,1_Asia,139.628,35.163,HTJP002,1273014172
231,ind_231,pop20,1_Asia,139.628,35.163,HTJP002,1273014172
232,ind_232,pop20,1_Asia,139.628,35.163,HTJP002,1273014172
233,ind_233,pop21,1_Asia,137.59,36.974,HTJP005,1273014173
234,ind_234,pop21,1_Asia,137.59,36.974,HTJP005,1273014173
235,ind_235,pop21,1_Asia,137.59,36.974,HTJP005,1273014173
236,ind_236,pop21,1_Asia,137.59,36.974,HTJP005,1273014173
237,ind_237,pop21,1_Asia,137.59,36.974,HTJP005,1273014173
238,ind_238,pop21,1_Asia,137.59,36.974,HTJP005,1273014173
239,ind_239,pop21,1_Asia,137.59,36.974,HTJP005,1273014173
240,ind_240,pop22,1_Asia,137.399,36.835,HTJP032,1273480230
241,ind_241,pop22,1_Asia,137.399,36.835,HTJP002,1273014172
242,ind_242,pop22,1_Asia,137.399,36.835,HTJP002,1273014172
243,ind_243,pop23,1_Asia,137.234,36.765,HTJP005,1273014173
244,ind_244,pop23,1_Asia,137.234,36.765,HTJP002,1273014172
245,ind_245,pop23,1_Asia,137.234,36.765,HTJP002,1273014172
246,ind_246,pop23,1_Asia,137.234,36.765,HTJP002,1273014172
247,ind_247,pop23,1_Asia,137.234,36.765,HTJP002,1273014172
248,ind_248,pop23,1_Asia,137.234,36.765,HTJP002,1273014172
249,ind_249,pop23,1_Asia,137.234,36.765,HTJP002,1273014172
250,ind_250,pop23,1_Asia,137.234,36.765,HTJP002,1273014172
251,ind_251,pop23,1_Asia,137.234,36.765,HTJP002,1273014172
252,ind_252,pop23,1_Asia,137.234,36.765,HTJP002,1273014172
253,ind_253,pop23,1_Asia,137.234,36.765,HTJP002,1273014172
254,ind_254,pop23,1_Asia,137.234,36.765,HTJP002,1273014172
255,ind_255,pop23,1_Asia,137.234,36.765,HTJP002,1273014172
256,ind_256,pop23,1_Asia,137.234,36.765,HTJP002,1273014172
257,ind_257,pop24,1_Asia,135.185,35.559,HTJP002sup,1273480698
258,ind_258,pop24,1_Asia,135.185,35.559,HTJP002sup,1273480698
259,ind_259,pop24,1_Asia,135.185,35.559,HTJP014,1273480231
260,ind_260,pop24,1_Asia,135.185,35.559,HTJP002,1273014172
261,ind_261,pop24,1_Asia,135.185,35.559,HTJP002,1273014172
262,ind_262,pop24,1_Asia,135.185,35.559,HTJP002,1273014172
263,ind_263,pop25,1_Asia,136.574,34.607,HTJP012,1273480688
264,ind_264,pop25,1_Asia,136.574,34.607,HTJP028,1273480689
265,ind_265,pop25,1_Asia,136.574,34.607,HTJP001,1273014171
266,ind_266,pop25,1_Asia,136.574,34.607,HTJP001,1273014171
267,ind_267,pop26,1_Asia,136.848,34.312,HTJP002,1273014172
268,ind_268,pop26,1_Asia,136.848,34.312,HTJP002,1273014172
269,ind_269,pop26,1_Asia,136.848,34.312,HTJP002,1273014172
270,ind_270,pop26,1_Asia,136.848,34.312,HTJP002,1273014172
271,ind_271,pop26,1_Asia,136.848,34.312,HTJP002,1273014172
272,ind_272,pop26,1_Asia,136.848,34.312,HTJP002,1273014172
273,ind_273,pop26,1_Asia,136.848,34.312,HTJP002,1273014172
274,ind_274,pop26,1_Asia,136.848,34.312,HTJP002,1273014172
275,ind_275,pop26,1_Asia,136.848,34.312,HTJP003,1273480222
276,ind_276,pop26,1_Asia,136.848,34.312,HTJP001,1273014171
277,ind_277,pop26,1_Asia,136.848,34.312,HTJP001,1273014171
278,ind_278,pop26,1_Asia,136.848,34.312,HTJP001,1273014171
279,ind_279,pop27,1_Asia,136.835,34.29,HTJP002,1273014172
280,ind_280,pop27,1_Asia,136.835,34.29,HTJP002,1273014172
281,ind_281,pop27,1_Asia,136.835,34.29,HTJP002,1273014172
282,ind_282,pop27,1_Asia,136.835,34.29,HTJP002,1273014172
283,ind_283,pop27,1_Asia,136.835,34.29,HTJP002,1273014172
284,ind_284,pop27,1_Asia,136.835,34.29,HTJP002,1273014172
285,ind_285,pop27,1_Asia,136.835,34.29,HTJP002,1273014172
286,ind_286,pop27,1_Asia,136.835,34.29,HTJP002,1273014172
287,ind_287,pop27,1_Asia,136.835,34.29,HTJP002,1273014172
288,ind_288,pop28,1_Asia,135.338,34.442,HTJP018,1273480233
289,ind_289,pop28,1_Asia,135.338,34.442,HTJP019,1273480690
290,ind_290,pop29,1_Asia,135.358,34.457,HTJP002,1273014172
291,ind_291,pop29,1_Asia,135.358,34.457,HTJP002,1273014172
292,ind_292,pop30,1_Asia,134.924,34.45,HTJP002,1273014172
293,ind_293,pop30,1_Asia,134.924,34.45,HTJP002,1273014172
294,ind_294,pop30,1_Asia,134.924,34.45,HTJP002,1273014172
295,ind_295,pop31,1_Asia,135.18,34.185,HTJP002,1273014172
296,ind_296,pop31,1_Asia,135.18,34.185,HTJP002,1273014172
297,ind_297,pop31,1_Asia,135.18,34.185,HTJP002,1273014172
298,ind_298,pop31,1_Asia,135.18,34.185,HTJP002,1273014172
299,ind_299,pop31,1_Asia,135.18,34.185,HTJP002,1273014172
300,ind_300,pop31,1_Asia,135.18,34.185,HTJP002,1273014172
301,ind_301,pop31,1_Asia,135.18,34.185,HTJP002,1273014172
302,ind_302,pop31,1_Asia,135.18,34.185,HTJP002,1273014172
303,ind_303,pop31,1_Asia,135.18,34.185,HTJP002,1273014172
304,ind_304,pop31,1_Asia,135.18,34.185,HTJP002,1273014172
305,ind_305,pop31,1_Asia,135.18,34.185,HTJP002,1273014172
306,ind_306,pop31,1_Asia,135.18,34.185,HTJP002,1273014172
307,ind_307,pop31,1_Asia,135.18,34.185,HTJP014,1273480231
308,ind_308,pop31,1_Asia,135.18,34.185,HTJP016 ,1273480691
309,ind_309,pop32,1_Asia,135.151,34.008,HTJP002,1273014172
310,ind_310,pop32,1_Asia,135.151,34.008,HTJP002,1273014172
311,ind_311,pop32,1_Asia,135.151,34.008,HTJP002,1273014172
312,ind_312,pop32,1_Asia,135.151,34.008,HTJP002,1273014172
313,ind_313,pop33,1_Asia,135.494,33.549,HTJP001,1273014171
314,ind_314,pop33,1_Asia,135.494,33.549,HTJP001,1273014171
315,ind_315,pop33,1_Asia,135.494,33.549,HTJP002,1273014172
316,ind_316,pop33,1_Asia,135.494,33.549,HTJP002,1273014172
317,ind_317,pop33,1_Asia,135.494,33.549,HTJP002,1273014172
318,ind_318,pop33,1_Asia,135.494,33.549,HTJP020,1273480694
319,ind_319,pop33,1_Asia,135.494,33.549,HTJP021,1273480220
320,ind_320,pop34,1_Asia,135.924,33.613,HTJP001,1273014171
321,ind_321,pop34,1_Asia,135.924,33.613,HTJP002,1273014172
322,ind_322,pop34,1_Asia,135.924,33.613,HTJP002,1273014172
323,ind_323,pop34,1_Asia,135.924,33.613,HTJP002,1273014172
324,ind_324,pop34,1_Asia,135.924,33.613,HTJP002,1273014172
325,ind_325,pop34,1_Asia,135.924,33.613,HTJP024,1273480229
326,ind_326,pop35,1_Asia,133.215,35.547,HTJP002,1273014172
327,ind_327,pop35,1_Asia,133.215,35.547,HTJP002,1273014172
328,ind_328,pop35,1_Asia,133.215,35.547,HTJP002,1273014172
329,ind_329,pop35,1_Asia,133.215,35.547,HTJP002,1273014172
330,ind_330,pop35,1_Asia,133.215,35.547,HTJP002,1273014172
331,ind_331,pop36,1_Asia,132.454,34.393,HTJP002,1273014172
332,ind_332,pop36,1_Asia,132.454,34.393,HTJP002,1273014172
333,ind_333,pop36,1_Asia,132.454,34.393,HTJP002,1273014172
334,ind_334,pop36,1_Asia,132.454,34.393,HTJP002,1273014172
335,ind_335,pop36,1_Asia,132.454,34.393,HTJP002,1273014172
336,ind_336,pop36,1_Asia,132.454,34.393,HTJP002,1273014172
337,ind_337,pop36,1_Asia,132.454,34.393,HTJP002,1273014172
338,ind_338,pop36,1_Asia,132.454,34.393,HTJP002,1273014172
339,ind_339,pop37,1_Asia,131.019,34.033,HTJP002,1273014172
340,ind_340,pop37,1_Asia,131.019,34.033,HTJP002,1273014172
341,ind_341,pop37,1_Asia,131.019,34.033,HTJP002,1273014172
342,ind_342,pop37,1_Asia,131.019,34.033,HTJP002,1273014172
343,ind_343,pop37,1_Asia,131.019,34.033,HTJP002,1273014172
344,ind_344,pop37,1_Asia,131.019,34.033,HTJP002,1273014172
345,ind_345,pop37,1_Asia,131.019,34.033,HTJP002,1273014172
346,ind_346,pop37,1_Asia,131.019,34.033,HTJP002,1273014172
347,ind_347,pop37,1_Asia,131.019,34.033,HTJP002,1273014172
348,ind_348,pop37,1_Asia,131.019,34.033,HTJP002sub,1273480232
349,ind_349,pop37,1_Asia,131.019,34.033,HTJP011,1273480228
350,ind_350,pop38,1_Asia,130.754,33.92,HTJP002,1273014172
351,ind_351,pop38,1_Asia,130.754,33.92,HTJP002,1273014172
352,ind_352,pop38,1_Asia,130.754,33.92,HTJP002,1273014172
353,ind_353,pop38,1_Asia,130.754,33.92,HTJP002,1273014172
354,ind_354,pop38,1_Asia,130.754,33.92,HTJP002,1273014172
355,ind_355,pop38,1_Asia,130.754,33.92,HTJP002,1273014172
356,ind_356,pop38,1_Asia,130.754,33.92,HTJP002,1273014172
357,ind_357,pop38,1_Asia,130.754,33.92,HTJP002,1273014172
358,ind_358,pop38,1_Asia,130.754,33.92,HTJP002,1273014172
359,ind_359,pop38,1_Asia,130.754,33.92,HTJP002,1273014172
360,ind_360,pop38,1_Asia,130.754,33.92,HTJP002,1273014172
361,ind_361,pop38,1_Asia,130.754,33.92,HTJP002,1273014172
362,ind_362,pop39,1_Asia,133.511,33.475,HTJP002,1273014172
363,ind_363,pop39,1_Asia,133.511,33.475,HTJP002,1273014172
364,ind_364,pop40,1_Asia,133.421,33.45,HTJP002,1273014172
365,ind_365,pop40,1_Asia,133.421,33.45,HTJP002,1273014172
366,ind_366,pop40,1_Asia,133.421,33.45,HTJP002,1273014172
367,ind_367,pop40,1_Asia,133.421,33.45,HTJP002,1273014172
368,ind_368,pop41,1_Asia,133.396,33.444,HTJP001,1273014171
369,ind_369,pop41,1_Asia,133.396,33.444,HTJP002,1273014172
370,ind_370,pop42,1_Asia,133.36,33.427,HTJP001,1273014171
371,ind_371,pop42,1_Asia,133.36,33.427,HTJP002,1273014172
372,ind_372,pop42,1_Asia,133.36,33.427,HTJP002,1273014172
373,ind_373,pop42,1_Asia,133.36,33.427,HTJP002,1273014172
374,ind_374,pop42,1_Asia,133.36,33.427,HTJP002,1273014172
375,ind_375,pop42,1_Asia,133.36,33.427,HTJP002,1273014172
376,ind_376,pop42,1_Asia,133.36,33.427,HTJP009,1273480227
377,ind_377,pop42,1_Asia,133.36,33.427,HTJP015,1273480234
378,ind_378,pop43,1_Asia,131.909,32.948,HTJP002,1273014172
379,ind_379,pop43,1_Asia,131.909,32.948,HTJP002,1273014172
380,ind_380,pop43,1_Asia,131.909,32.948,HTJP002,1273014172
381,ind_381,pop43,1_Asia,131.909,32.948,HTJP002,1273014172
382,ind_382,pop43,1_Asia,131.909,32.948,HTJP002,1273014172
383,ind_383,pop43,1_Asia,131.909,32.948,HTJP002,1273014172
384,ind_384,pop43,1_Asia,131.909,32.948,HTJP002,1273014172
385,ind_385,pop43,1_Asia,131.909,32.948,HTJP010,1273480695
386,ind_386,pop44,1_Asia,130.178,33.03,HTJP002,1273014172
387,ind_387,pop44,1_Asia,130.178,33.03,HTJP002,1273014172
388,ind_388,pop44,1_Asia,130.178,33.03,HTJP002,1273014172
389,ind_389,pop44,1_Asia,130.178,33.03,HTJP002,1273014172
390,ind_390,pop44,1_Asia,130.178,33.03,HTJP002,1273014172
391,ind_391,pop44,1_Asia,130.178,33.03,HTJP002,1273014172
392,ind_392,pop44,1_Asia,130.178,33.03,HTJP002,1273014172
393,ind_393,pop44,1_Asia,130.178,33.03,HTJP002,1273014172
394,ind_394,pop45,1_Asia,129.664,33.185,HTJP002,1273014172
395,ind_395,pop45,1_Asia,129.664,33.185,HTJP002,1273014172
396,ind_396,pop45,1_Asia,129.664,33.185,HTJP002,1273014172
397,ind_397,pop45,1_Asia,129.664,33.185,HTJP002,1273014172
398,ind_398,pop45,1_Asia,129.664,33.185,HTJP002,1273014172
399,ind_399,pop45,1_Asia,129.664,33.185,HTJP002,1273014172
400,ind_400,pop45,1_Asia,129.664,33.185,HTJP002,1273014172
401,ind_401,pop45,1_Asia,129.664,33.185,HTJP002,1273014172
402,ind_402,pop45,1_Asia,129.664,33.185,HTJP002,1273014172
403,ind_403,pop45,1_Asia,129.664,33.185,HTJP002,1273014172
404,ind_404,pop45,1_Asia,129.664,33.185,HTJP002,1273014172
405,ind_405,pop45,1_Asia,129.664,33.185,HTJP002,1273014172
406,ind_406,pop45,1_Asia,129.664,33.185,HTJP002,1273014172
407,ind_407,pop45,1_Asia,129.664,33.185,HTJP017,1273480696
408,ind_408,pop46,1_Asia,130.64,32.636,HTJP002,1273014172
409,ind_409,pop46,1_Asia,130.64,32.636,HTJP002,1273014172
410,ind_410,pop46,1_Asia,130.64,32.636,HTJP002,1273014172
411,ind_411,pop46,1_Asia,130.64,32.636,HTJP002,1273014172
412,ind_412,pop46,1_Asia,130.64,32.636,HTJP002,1273014172
413,ind_413,pop46,1_Asia,130.64,32.636,HTJP002,1273014172
414,ind_414,pop46,1_Asia,130.64,32.636,HTJP002,1273014172
415,ind_415,pop46,1_Asia,130.64,32.636,HTJP002,1273014172
416,ind_416,pop46,1_Asia,130.64,32.636,HTJP002,1273014172
417,ind_417,pop46,1_Asia,130.64,32.636,HTJP002,1273014172
418,ind_418,pop46,1_Asia,130.64,32.636,HTJP002,1273014172
419,ind_419,pop46,1_Asia,130.64,32.636,HTJP002,1273014172
420,ind_420,pop46,1_Asia,130.64,32.636,HTJP002,1273014172
421,ind_421,pop46,1_Asia,130.64,32.636,HTJP002,1273014172
422,ind_422,pop47,1_Asia,131.469,31.759,HTJP002,1273014172
423,ind_423,pop47,1_Asia,131.469,31.759,HTJP002,1273014172
424,ind_424,pop47,1_Asia,131.469,31.759,HTJP002,1273014172
425,ind_425,pop47,1_Asia,131.469,31.759,HTJP002,1273014172
426,ind_426,pop47,1_Asia,131.469,31.759,HTJP002,1273014172
427,ind_427,pop47,1_Asia,131.469,31.759,HTJP002,1273014172
428,ind_428,pop47,1_Asia,131.469,31.759,HTJP002,1273014172
429,ind_429,pop47,1_Asia,131.469,31.759,HTJP002,1273014172
430,ind_430,pop47,1_Asia,131.469,31.759,HTJP002,1273014172
431,ind_431,pop47,1_Asia,131.469,31.759,HTJP002,1273014172
432,ind_432,pop47,1_Asia,131.469,31.759,HTJP012,1273480688
433,ind_433,pop48,1_Asia,130.622,31.707,HTJP002,1273014172
434,ind_434,pop48,1_Asia,130.622,31.707,HTJP002,1273014172
435,ind_435,pop48,1_Asia,130.622,31.707,HTJP002,1273014172
436,ind_436,pop48,1_Asia,130.622,31.707,HTJP002,1273014172
437,ind_437,pop48,1_Asia,130.622,31.707,HTJP002,1273014172
438,ind_438,pop48,1_Asia,130.622,31.707,HTJP002,1273014172
439,ind_439,pop48,1_Asia,130.622,31.707,HTJP002,1273014172
440,ind_440,pop48,1_Asia,130.622,31.707,HTJP002,1273014172
441,ind_441,pop48,1_Asia,130.622,31.707,HTJP002,1273014172
442,ind_442,pop48,1_Asia,130.622,31.707,HTJP002,1273014172
443,ind_443,pop48,1_Asia,130.622,31.707,HTJP002,1273014172
444,ind_444,pop48,1_Asia,130.622,31.707,HTJP002,1273014172
445,ind_445,pop48,1_Asia,130.622,31.707,HTJP002,1273014172
446,ind_446,pop48,1_Asia,130.622,31.707,HTJP002,1273014172
447,ind_447,pop48,1_Asia,130.622,31.707,HTJP025,1273480701
448,ind_448,pop48,1_Asia,130.622,31.707,HTJP026,1273480712
449,ind_449,pop49,1_Asia,126.241,37.635,HTAC002,1273480700
450,ind_450,pop49,1_Asia,126.241,37.635,HTAC002,1273480700
451,ind_451,pop49,1_Asia,126.241,37.635,HTAC002,1273480700
452,ind_452,pop49,1_Asia,126.241,37.635,HTAC002,1273480700
453,ind_453,pop49,1_Asia,126.241,37.635,HTAC002,1273480700
454,ind_454,pop49,1_Asia,126.241,37.635,HTAC002,1273480700
455,ind_455,pop49,1_Asia,126.241,37.635,HTAC012,1273480703
456,ind_456,pop50,1_Asia,126.376,37.622,HTAC002,1273480700
457,ind_457,pop50,1_Asia,126.376,37.622,HTAC002,1273480700
458,ind_458,pop50,1_Asia,126.376,37.622,HTAC002,1273480700
459,ind_459,pop50,1_Asia,126.376,37.622,HTAC002,1273480700
460,ind_460,pop50,1_Asia,126.376,37.622,HTAC002,1273480700
461,ind_461,pop50,1_Asia,126.376,37.622,HTAC002,1273480700
462,ind_462,pop50,1_Asia,126.376,37.622,HTAC002sub,1273480704
463,ind_463,pop51,1_Asia,126.661,36.041,HTAC001,1273480708
464,ind_464,pop51,1_Asia,126.661,36.041,HTAC002,1273480700
465,ind_465,pop51,1_Asia,126.661,36.041,HTAC002,1273480700
466,ind_466,pop51,1_Asia,126.661,36.041,HTAC002,1273480700
467,ind_467,pop51,1_Asia,126.661,36.041,HTAC002,1273480700
468,ind_468,pop51,1_Asia,126.661,36.041,HTAC002,1273480700
469,ind_469,pop51,1_Asia,126.661,36.041,HTAC002,1273480700
470,ind_470,pop51,1_Asia,126.661,36.041,HTAC002,1273480700
471,ind_471,pop51,1_Asia,126.661,36.041,HTAC002,1273480700
472,ind_472,pop51,1_Asia,126.661,36.041,HTAC002,1273480700
473,ind_473,pop51,1_Asia,126.661,36.041,HTAC003,1273480702
474,ind_474,pop51,1_Asia,126.661,36.041,HTAC004,1273480705
475,ind_475,pop51,1_Asia,126.661,36.041,HTAC008,1273480706
476,ind_476,pop52,1_Asia,127.733,34.893,HTAC002,1273480700
477,ind_477,pop52,1_Asia,127.733,34.893,HTAC002,1273480700
478,ind_478,pop52,1_Asia,127.733,34.893,HTAC002,1273480700
479,ind_479,pop52,1_Asia,127.733,34.893,HTAC002,1273480700
480,ind_480,pop52,1_Asia,127.733,34.893,HTAC002,1273480700
481,ind_481,pop52,1_Asia,127.733,34.893,HTAC002,1273480700
482,ind_482,pop52,1_Asia,127.733,34.893,HTAC002,1273480700
483,ind_483,pop52,1_Asia,127.733,34.893,HTAC002,1273480700
484,ind_484,pop52,1_Asia,127.733,34.893,HTAC002,1273480700
485,ind_485,pop52,1_Asia,127.733,34.893,HTAC002,1273480700
486,ind_486,pop52,1_Asia,127.733,34.893,HTAC002,1273480700
487,ind_487,pop52,1_Asia,127.733,34.893,HTAC002,1273480700
488,ind_488,pop52,1_Asia,127.733,34.893,HTAC002,1273480700
489,ind_489,pop52,1_Asia,127.733,34.893,HTAC002,1273480700
490,ind_490,pop52,1_Asia,127.733,34.893,HTAC002,1273480700
491,ind_491,pop52,1_Asia,127.733,34.893,HTAC002sup,1273480707
495,ind_495,pop53,3_Eur,8.434,55.029,HTJP001,1273014171
496,ind_496,pop53,3_Eur,8.434,55.029,HTJP001,1273014171
497,ind_497,pop53,3_Eur,8.434,55.029,HTJP001,1273014171
498,ind_498,pop53,3_Eur,8.434,55.029,HTJP001,1273014171
499,ind_499,pop53,3_Eur,8.434,55.029,HTJP001,1273014171
500,ind_500,pop53,3_Eur,8.434,55.029,HTJP001,1273014171
501,ind_501,pop53,3_Eur,8.434,55.029,HTJP001,1273014171
502,ind_502,pop53,3_Eur,8.434,55.029,HTJP001,1273014171
503,ind_503,pop53,3_Eur,8.434,55.029,HTJP001,1273014171
504,ind_504,pop53,3_Eur,8.434,55.029,HTJP001,1273014171
505,ind_505,pop53,3_Eur,8.434,55.029,HTJP001,1273014171
506,ind_506,pop53,3_Eur,8.434,55.029,HTJP001,1273014171
507,ind_507,pop53,3_Eur,8.434,55.029,HTJP001,1273014171
508,ind_508,pop53,3_Eur,8.434,55.029,HTJP001,1273014171
509,ind_509,pop53,3_Eur,8.434,55.029,HTJP001,1273014171
510,ind_510,pop53,3_Eur,8.434,55.029,HTJP001,1273014171
511,ind_511,pop53,3_Eur,8.434,55.029,HTJP001,1273014171
512,ind_512,pop53,3_Eur,8.434,55.029,HTJP001,1273014171
513,ind_513,pop53,3_Eur,8.434,55.029,HTJP002,1273014172
514,ind_514,pop53,3_Eur,8.434,55.029,HTJP002,1273014172
515,ind_515,pop53,3_Eur,8.434,55.029,HTJP002,1273014172
516,ind_516,pop53,3_Eur,8.434,55.029,HTJP002,1273014172
517,ind_517,pop54,3_Eur,7.88,54.11,HTJP001,1273014171
518,ind_518,pop54,3_Eur,7.88,54.11,HTJP001,1273014171
519,ind_519,pop54,3_Eur,7.88,54.11,HTJP001,1273014171
520,ind_520,pop54,3_Eur,7.88,54.11,HTJP001,1273014171
521,ind_521,pop54,3_Eur,7.88,54.11,HTJP001,1273014171
522,ind_522,pop54,3_Eur,7.88,54.11,HTJP001,1273014171
523,ind_523,pop55,3_Eur,9.123,53.889,HTJP001,1273014171
524,ind_524,pop55,3_Eur,9.123,53.889,HTJP001,1273014171
525,ind_525,pop55,3_Eur,9.123,53.889,HTJP001,1273014171
526,ind_526,pop55,3_Eur,9.123,53.889,HTJP001,1273014171
527,ind_527,pop55,3_Eur,9.123,53.889,HTJP001,1273014171
528,ind_528,pop55,3_Eur,9.123,53.889,HTJP001,1273014171
529,ind_529,pop55,3_Eur,9.123,53.889,HTJP001,1273014171
530,ind_530,pop55,3_Eur,9.123,53.889,HTJP001,1273014171
531,ind_531,pop55,3_Eur,9.123,53.889,HTJP001,1273014171
532,ind_532,pop55,3_Eur,9.123,53.889,HTJP001,1273014171
533,ind_533,pop55,3_Eur,9.123,53.889,HTJP001,1273014171
534,ind_534,pop55,3_Eur,9.123,53.889,HTJP001,1273014171
535,ind_535,pop55,3_Eur,9.123,53.889,HTJP001,1273014171
536,ind_536,pop55,3_Eur,9.123,53.889,HTJP001,1273014171
537,ind_537,pop55,3_Eur,9.123,53.889,HTJP001,1273014171
538,ind_538,pop55,3_Eur,9.123,53.889,HTJP001,1273014171
539,ind_539,pop55,3_Eur,9.123,53.889,HTJP001,1273014171
540,ind_540,pop55,3_Eur,9.123,53.889,HTJP001,1273014171
541,ind_541,pop55,3_Eur,9.123,53.889,HTJP001,1273014171
542,ind_542,pop55,3_Eur,9.123,53.889,HTJP001,1273014171
543,ind_543,pop55,3_Eur,9.123,53.889,HTJP002,1273014172
544,ind_544,pop55,3_Eur,9.123,53.889,HTJP002,1273014172
545,ind_545,pop56,3_Eur,4.055,51.491,HTJP001,1273014171
546,ind_546,pop56,3_Eur,4.055,51.491,HTJP001,1273014171
547,ind_547,pop56,3_Eur,4.055,51.491,HTJP001,1273014171
548,ind_548,pop56,3_Eur,4.055,51.491,HTJP001,1273014171
549,ind_549,pop56,3_Eur,4.055,51.491,HTJP001,1273014171
550,ind_550,pop56,3_Eur,4.055,51.491,HTJP001,1273014171
551,ind_551,pop56,3_Eur,4.055,51.491,HTJP001,1273014171
552,ind_552,pop56,3_Eur,4.055,51.491,HTJP001,1273014171
553,ind_553,pop56,3_Eur,4.055,51.491,HTJP001,1273014171
554,ind_554,pop56,3_Eur,4.055,51.491,HTJP001,1273014171
555,ind_555,pop56,3_Eur,4.055,51.491,HTJP001,1273014171
556,ind_556,pop56,3_Eur,4.055,51.491,HTJP001,1273014171
557,ind_557,pop56,3_Eur,4.055,51.491,HTJP002,1273014172
558,ind_558,pop56,3_Eur,4.055,51.491,HTJP002,1273014172
559,ind_559,pop56,3_Eur,4.055,51.491,HTJP002,1273014172
560,ind_560,pop57,3_Eur,4.036,51.382,HTJP001,1273014171
561,ind_561,pop57,3_Eur,4.036,51.382,HTJP001,1273014171
562,ind_562,pop57,3_Eur,4.036,51.382,HTJP001,1273014171
563,ind_563,pop57,3_Eur,4.036,51.382,HTJP001,1273014171
564,ind_564,pop57,3_Eur,4.036,51.382,HTJP001,1273014171
565,ind_565,pop57,3_Eur,4.036,51.382,HTJP001,1273014171
566,ind_566,pop57,3_Eur,4.036,51.382,HTJP001,1273014171
567,ind_567,pop57,3_Eur,4.036,51.382,HTJP001,1273014171
568,ind_568,pop57,3_Eur,4.036,51.382,HTJP001,1273014171
569,ind_569,pop57,3_Eur,4.036,51.382,HTJP001,1273014171
570,ind_570,pop57,3_Eur,4.036,51.382,HTJP001,1273014171
571,ind_571,pop57,3_Eur,4.036,51.382,HTJP001,1273014171
572,ind_572,pop57,3_Eur,4.036,51.382,HTJP002,1273014172
573,ind_573,pop57,3_Eur,4.036,51.382,HTJP002,1273014172
574,ind_574,pop57,3_Eur,4.036,51.382,HTJP002,1273014172
575,ind_575,pop58,3_Eur,0.229,49.428,HTJP001,1273014171
576,ind_576,pop58,3_Eur,0.229,49.428,HTJP001,1273014171
577,ind_577,pop58,3_Eur,0.229,49.428,HTJP001,1273014171
578,ind_578,pop58,3_Eur,0.229,49.428,HTJP001,1273014171
579,ind_579,pop58,3_Eur,0.229,49.428,HTJP002,1273014172
580,ind_580,pop58,3_Eur,0.229,49.428,HTJP002,1273014172
581,ind_581,pop58,3_Eur,0.229,49.428,HTJP005,1273014173
582,ind_582,pop58,3_Eur,0.229,49.428,HTAC002,1273480700
583,ind_583,pop58,3_Eur,0.229,49.428,HTAC002,1273480700
584,ind_584,pop58,3_Eur,0.229,49.428,HTAC002,1273480700
585,ind_585,pop58,3_Eur,0.229,49.428,HTAC002,1273480700
586,ind_586,pop58,3_Eur,0.229,49.428,HTAC002,1273480700
587,ind_587,pop58,3_Eur,0.229,49.428,HTAC002,1273480700
588,ind_588,pop58,3_Eur,0.229,49.428,HTAC002,1273480700
589,ind_589,pop58,3_Eur,0.229,49.428,HTAC002,1273480700
590,ind_590,pop59,3_Eur,-0.248,49.287,HTJP001,1273014171
591,ind_591,pop59,3_Eur,-0.248,49.287,HTJP001,1273014171
592,ind_592,pop59,3_Eur,-0.248,49.287,HTJP001,1273014171
593,ind_593,pop59,3_Eur,-0.248,49.287,HTJP001,1273014171
594,ind_594,pop59,3_Eur,-0.248,49.287,HTJP001,1273014171
595,ind_595,pop59,3_Eur,-0.248,49.287,HTJP005,1273014173
596,ind_596,pop58,3_Eur,0.229,49.428,HTAC002,1273480700
597,ind_597,pop58,3_Eur,0.229,49.428,HTAC002,1273480700
598,ind_598,pop58,3_Eur,0.229,49.428,HTAC002,1273480700
599,ind_599,pop58,3_Eur,0.229,49.428,HTAC002,1273480700
600,ind_600,pop58,3_Eur,0.229,49.428,HTAC002,1273480700
601,ind_601,pop58,3_Eur,0.229,49.428,HTAC002,1273480700
602,ind_602,pop58,3_Eur,0.229,49.428,HTAC002,1273480700
603,ind_603,pop58,3_Eur,0.229,49.428,HTAC002,1273480700
604,ind_604,pop58,3_Eur,0.229,49.428,HTAC002,1273480700
605,ind_605,pop60,3_Eur,-1.236,44.582,HTJP001,1273014171
606,ind_606,pop60,3_Eur,-1.236,44.582,HTJP001,1273014171
607,ind_607,pop60,3_Eur,-1.236,44.582,HTJP001,1273014171
608,ind_608,pop60,3_Eur,-1.236,44.582,HTJP001,1273014171
609,ind_609,pop60,3_Eur,-1.236,44.582,HTJP001,1273014171
610,ind_610,pop60,3_Eur,-1.236,44.582,HTJP001,1273014171
611,ind_611,pop60,3_Eur,-1.236,44.582,HTJP001,1273014171
612,ind_612,pop60,3_Eur,-1.236,44.582,HTJP001,1273014171
613,ind_613,pop60,3_Eur,-1.236,44.582,HTJP001,1273014171
614,ind_614,pop60,3_Eur,-1.236,44.582,HTJP001,1273014171
615,ind_615,pop60,3_Eur,-1.236,44.582,HTJP001,1273014171
616,ind_616,pop60,3_Eur,-1.236,44.582,HTJP001,1273014171
617,ind_617,pop60,3_Eur,-1.236,44.582,HTJP001,1273014171
618,ind_618,pop60,3_Eur,-1.236,44.582,HTJP001,1273014171
619,ind_619,pop60,3_Eur,-1.236,44.582,HTJP001,1273014171
620,ind_620,pop60,3_Eur,-1.236,44.582,HTJP001,1273014171
621,ind_621,pop60,3_Eur,-1.236,44.582,HTJP001,1273014171
622,ind_622,pop60,3_Eur,-1.236,44.582,HTJP001,1273014171
623,ind_623,pop60,3_Eur,-1.236,44.582,HTJP001,1273014171
624,ind_624,pop60,3_Eur,-1.236,44.582,HTJP001,1273014171
625,ind_625,pop60,3_Eur,-1.236,44.582,HTJP002,1273014172
626,ind_626,pop60,3_Eur,-1.236,44.582,HTJP005,1273014173
627,ind_627,pop60,3_Eur,-1.236,44.582,HTJP005,1273014173
